{
  "accuracy": 0.7272727272727273,
  "roc_auc": 0.8155555555555556,
  "f1": 0.5882352941176471,
  "precision": 0.625,
  "recall": 0.5555555555555556,
  "dataset_size": 768
}